-- MariaDB dump 10.19  Distrib 10.4.32-MariaDB, for Win64 (AMD64)
--
-- Host: localhost    Database: db_biblioteca
-- ------------------------------------------------------
-- Server version	10.4.32-MariaDB

/*!40101 SET @OLD_CHARACTER_SET_CLIENT=@@CHARACTER_SET_CLIENT */;
/*!40101 SET @OLD_CHARACTER_SET_RESULTS=@@CHARACTER_SET_RESULTS */;
/*!40101 SET @OLD_COLLATION_CONNECTION=@@COLLATION_CONNECTION */;
/*!40101 SET NAMES utf8mb4 */;
/*!40103 SET @OLD_TIME_ZONE=@@TIME_ZONE */;
/*!40103 SET TIME_ZONE='+00:00' */;
/*!40014 SET @OLD_UNIQUE_CHECKS=@@UNIQUE_CHECKS, UNIQUE_CHECKS=0 */;
/*!40014 SET @OLD_FOREIGN_KEY_CHECKS=@@FOREIGN_KEY_CHECKS, FOREIGN_KEY_CHECKS=0 */;
/*!40101 SET @OLD_SQL_MODE=@@SQL_MODE, SQL_MODE='NO_AUTO_VALUE_ON_ZERO' */;
/*!40111 SET @OLD_SQL_NOTES=@@SQL_NOTES, SQL_NOTES=0 */;

--
-- Table structure for table `book`
--

DROP TABLE IF EXISTS `book`;
/*!40101 SET @saved_cs_client     = @@character_set_client */;
/*!40101 SET character_set_client = utf8 */;
CREATE TABLE `book` (
  `id` int(11) NOT NULL AUTO_INCREMENT,
  `author` varchar(100) NOT NULL,
  `title` varchar(150) NOT NULL,
  `genre` varchar(9) NOT NULL,
  `synopsis` varchar(2000) DEFAULT NULL,
  `release_date` date NOT NULL,
  `status` tinyint(1) DEFAULT NULL,
  `times_loaned` int(11) NOT NULL,
  PRIMARY KEY (`id`)
) ENGINE=InnoDB AUTO_INCREMENT=50 DEFAULT CHARSET=utf8mb4 COLLATE=utf8mb4_general_ci;
/*!40101 SET character_set_client = @saved_cs_client */;

--
-- Dumping data for table `book`
--

LOCK TABLES `book` WRITE;
/*!40000 ALTER TABLE `book` DISABLE KEYS */;
INSERT INTO `book` VALUES (1,'Stephen King','It','HORROR','El mal nunca desaparece, solo espera… En la pequeña ciudad de Derry, Maine, algo acecha en las alcantarillas. Algo antiguo, maligno y hambriento. Se esconde en las sombras, toma la forma de los miedos más profundos y atrae a los niños con su diabólica sonrisa. Se hace llamar Pennywise… y cada 27 años, regresa para alimentarse. En 1958, un grupo de niños marginados, conocidos como el Club de los Perdedores, se enfrenta a esta entidad aterradora. Unidos por la amistad y el miedo, logran desterrarla… o al menos eso creen. Pero en 1985, los asesinatos comienzan de nuevo, y los Perdedores, ahora adultos, deben regresar a Derry para cumplir la promesa que hicieron de niños: enfrentarse al monstruo una vez más. Una historia sobre el poder del miedo, la infancia perdida y la lucha contra la oscuridad que acecha tanto dentro como fuera de nosotros. Un thriller psicológico y sobrenatural que ha aterrorizado a generaciones. Un relato épico de terror, amistad y valentía. Una de las novelas más icónicas de Stephen King. El miedo nunca se va del todo. Solo se esconde… esperando el momento adecuado para volver.','1986-01-01',0,4),(2,'Stephen King','El Umbral de la Noche','HORROR','Las pesadillas no terminan cuando despiertas… ¿Qué es lo que realmente nos aterra? ¿Las sombras en la oscuridad, lo desconocido, los monstruos que acechan bajo la cama… o los horrores que se esconden en la mente humana? En El Umbral de la Noche, Stephen King reúne veinte relatos escalofriantes que exploran los rincones más oscuros del miedo. Desde criaturas infernales hasta mentes perturbadas, pasando por maldiciones inexplicables y visitas del más allá, cada historia te sumergirá en un mundo donde el terror adopta muchas formas. Entre ellas, descubrirás relatos inolvidables como Los chicos del maíz, donde una comunidad de niños se ha entregado a una fuerza siniestra, o El último turno, donde algo monstruoso acecha en el sótano de una fábrica. Horror puro y sin concesiones en su máxima expresión. Historias cortas que te atraparán y te dejarán con escalofríos. Uno de los libros de relatos más perturbadores de Stephen King. Si crees que puedes soportar la oscuridad, atrévete a cruzar El Umbral de la Noche. Pero cuidado… algunas historias pueden perseguirte mucho después de haberlas leído.','1978-01-01',0,2),(3,'Stephen Chbosky','Amigo imaginario','HORROR','Christopher tiene siete años y acaba de mudarse con su madre a la pequeña ciudad de Mill Grove. Un día, desaparece en el bosque durante seis días sin dejar rastro. Cuando finalmente regresa, no recuerda lo que le ocurrió… pero no ha vuelto solo. Ahora escucha una voz. Una voz que le dice que debe construir una casa en lo alto de un árbol antes de Navidad… o algo terrible sucederá. Amigo Imaginario es una novela inquietante y fascinante que combina el terror psicológico con la emoción de una historia profundamente humana. Con una narrativa envolvente y personajes inolvidables, Stephen Chbosky –autor de Las ventajas de ser invisible– nos sumerge en un mundo donde la infancia, la imaginación y el miedo se entrelazan en un relato inolvidable.\r\n\r\n','2019-01-01',1,1),(4,'Stephen King','El resplandor','HORROR','Cuando Jack Torrance acepta un trabajo como cuidador del aislado Hotel Overlook durante el invierno, ve la oportunidad perfecta para empezar de nuevo junto a su esposa Wendy y su hijo Danny. Sin embargo, el hotel esconde secretos oscuros y fuerzas siniestras que acechan en sus pasillos vacíos. Danny, un niño especial con habilidades psíquicas llamadas el resplandor, puede ver lo que otros no pueden: las sombras del pasado del Overlook, los espíritus atrapados en sus habitaciones y el peligro que acecha a su familia. A medida que la nieve los encierra en el hotel y la mente de Jack empieza a desmoronarse, Danny y Wendy se enfrentan a una amenaza aterradora… una que podría no dejarlos salir con vida. Terror psicológico y sobrenatural en su máxima expresión. Un hotel maldito, un invierno interminable y un descenso a la locura. Uno de los libros más emblemáticos de Stephen King. Si te gustan las historias llenas de suspenso, tensión y un terror que se mete en tu mente, El Resplandor es una lectura obligatoria. Adéntrate en los pasillos del Overlook… pero recuerda, algunas puertas no deberían abrirse nunca. ¿Te atreves a entrar?','1977-01-01',0,1),(5,'Antonio Runa','La chica de gris','HORROR','En un pequeño pueblo, un hombre que huye de su pasado se ve obligado a enfrentarse a lo inexplicable. Todo comienza cuando una niña vestida de gris aparece de la nada en medio de la carretera. No habla, no recuerda quién es ni de dónde viene, pero hay algo en ella que hiela la sangre. A medida que intenta ayudarla, descubre que la niña no está perdida… sino que algo la sigue. Algo que no pertenece a este mundo. Lo que empieza como un acto de compasión pronto se convierte en una pesadilla aterradora, donde los límites entre la realidad y el horror se desdibujan. Una historia de misterio y terror que te atrapará desde la primera página. Un viaje inquietante hacia lo desconocido, con una atmósfera que te pondrá los nervios de punta. Un thriller sobrenatural que desafía la razón y te hará dudar de lo que crees real. Nadie sabe quién es la chica de gris. Pero una vez que la ves, ya es demasiado tarde.','2022-01-01',0,1),(6,'Yoselin Goncalves','No apagues la luz','HORROR','A veces, la oscuridad esconde algo más que sombras… Después de la trágica muerte de su madre, Kath se muda a un internado en el que intentará empezar de nuevo. Pero desde su llegada, cosas extrañas comienzan a suceder. Susurros en los pasillos, sombras que se mueven en la noche y una presencia inquietante que parece acecharla en la oscuridad. Mientras intenta adaptarse a su nueva vida, Kath descubre que la historia del internado está llena de secretos. Algunos alumnos han desaparecido sin dejar rastro, y los rumores hablan de algo más que simples leyendas. Pronto, la joven se da cuenta de que no puede confiar en nadie… ni siquiera en sus propios sentidos. Un thriller sobrenatural que te mantendrá en vilo de principio a fin. Un misterio envolvente que mezcla suspenso, terror y emociones intensas. Una historia que te hará pensar dos veces antes de apagar la luz. No es solo un juego. No es tu imaginación. Algo te observa… y está esperando en la oscuridad.','2019-01-01',0,1),(7,'Alvaro Vanegas','La sangre derramada','HORROR','En un país marcado por la sangre y el horror, una serie de eventos oscuros conectan a personajes atrapados en un ciclo de muerte y venganza. La Sangre Derramada no es solo una historia de terror, sino un reflejo brutal de una sociedad sumida en la desesperanza, donde la violencia es casi un ente propio que se alimenta de la miseria humana. Álvaro Vanegas construye una narrativa intensa y visceral, donde lo sobrenatural y lo real se entrelazan en un escenario de pesadillas. Con una prosa cruda y directa, nos sumerge en un mundo donde nadie está a salvo y el miedo se convierte en un compañero ineludible. Una historia de terror psicológico y horror visceral. Un retrato impactante de la violencia en nuestra sociedad. Un thriller oscuro que no dejará indiferente a nadie. Las heridas del pasado nunca desaparecen. La sangre derramada siempre deja huella.','2022-01-01',0,1),(8,'Howard P. Lovecraft','Los cuadernos Lovecraft','HORROR','Los horrores cósmicos cobran vida como nunca antes Sumérgete en los relatos más oscuros de H.P. Lovecraft con Los Cuadernos Lovecraft, una serie de ediciones ilustradas que reinventan la atmósfera aterradora de sus historias más emblemáticas. Cada volumen combina la prosa inquietante del maestro del terror cósmico con ilustraciones que amplifican el miedo, el misterio y la locura que caracterizan su obra. Desde dioses primigenios hasta secretos ocultos en los rincones más oscuros del universo, estas ediciones te transportarán a mundos donde la realidad se desmorona y lo inexplicable acecha en las sombras. Relatos clásicos de Lovecraft en una edición única y visualmente impactante. Ilustraciones detalladas que dan vida a los horrores descritos en sus páginas. Una colección imprescindible para fanáticos del terror y la literatura fantástica. Si alguna vez te has preguntado qué se oculta más allá de lo que la mente humana puede comprender, Los Cuadernos Lovecraft te invitan a descubrirlo… a riesgo de perder la cordura.','2021-01-01',0,1),(9,'Nicolas Francis','Kuronami','HORROR','Sumérgete en las profundidades del terror japonés Cada 243 años, una fuerza ancestral despierta desde las profundidades, manifestándose como una ola negra conocida como Kuronami, que se alza sin piedad, arrasando y devorando a quienes osan desafiar su poder. En esta innovadora colección de 9 relatos, Nicolás Francis fusiona magistralmente el horror japonés con una perspectiva occidental, abriendo una puerta a los rincones más oscuros y secretos del alma humana. Desde un ronin atormentado que enfrenta una maldición milenaria hasta un videoblogger que despierta una fuerza paranormal aterradora, Kuronami desvela el horror oculto en cada sombra, en cada montaña que guarda oscuros misterios y en cada sueño convertido en pesadilla. Fans de Junji Ito encontrarán aquí una exploración igualmente perturbadora y fascinante de lo sobrenatural y lo grotesco. Cada relato incluye una ilustración original a color que captura la esencia del terror psicológico y el misterio profundo de cada historia, envolviendo a los lectores en una experiencia visual y literaria única.','2024-01-01',0,1),(10,'Christopher Buehlman','Los del otro lado','HORROR','Un pasado oscuro que nunca muere En 1935, durante los últimos años de la Gran Depresión, el historiador Frank Nichols y su esposa Dora se mudan a la apacible localidad de Whitbrow, Georgia. Frank tiene la intención de escribir un libro sobre su antepasado, Lucien Savoyard, un hombre conocido por su brutalidad y dueño de una plantación situada al otro lado del río que bordea el pueblo. Sin embargo, a medida que Frank profundiza en su investigación, descubre que las supersticiones locales esconden una antigua deuda de sangre y que su llegada ha despertado fuerzas oscuras con sed de venganza.\r\nCaracterísticas destacadas: Una narrativa que combina la historia y el terror de manera magistral. Personajes profundos y una ambientación que captura la esencia del sur de Estados Unidos en la década de 1930. Una exploración de los miedos ancestrales y las consecuencias de los legados familiares. Los del otro lado es una novela que te sumergirá en una atmósfera inquietante, donde el pasado y el presente se entrelazan en una danza macabra. Ideal para los amantes del terror y las historias que exploran las profundidades de la naturaleza humana.','2013-01-01',0,1),(11,'Robinson Fowler','La Bruja','HORROR','En las brumas de un pueblo olvidado entre montañas, una leyenda ancestral resurge para cobrar vida. La bruja de Robinson Fowler sumerge al lector en un thriller oscuro donde el pasado y el presente se entrelazan con hilos de maldición. Cuando el protagonista, un historiador obsesionado con mitos locales, llega al enclave de Blackmoor para investigar los rumores sobre una bruja que merodea los bosques, descubre que las historias de los aldeanos esconden verdades aterradoras. Fowler teje una atmósfera inquietante, llena de símbolos ancestrales, rituales prohibidos y secretos familiares que desafían la razón. Con un ritmo creciente y giros inesperados, la novela explora temas como la culpa, la herencia del miedo y los límites entre la superstición y lo real. ¿Hasta dónde llegarías para desenterrar la verdad? ¿Y qué harías si la verdad... te persigue?','2018-01-01',0,1),(12,'Richard Matheson','La casa infernal','HORROR','Considerada una piedra angular del horror moderno, La casa infernal es un viaje a las profundidades del miedo más visceral. Richard Matheson, maestro de lo macabro, construye una narrativa opresiva alrededor de la mansión Belasco, un lugar maldito donde murieron en circunstancias grotescas todos sus habitantes décadas atrás. Ahora, un excéntrico millonario contrata a un equipo de investigadores —un científico escéptico, su esposa y dos médiums con traumas propios— para descubrir si algo sobrevive en sus paredes... o si el infierno tiene puertas en la Tierra. Matheson combina lo sobrenatural con la psicología humana, creando una atmósfera asfixiante donde cada sombra guarda secretos inconfesables. Con diálogos afilados y escenas que desafían los nervios del lector, la novela explora temas como la fe, la lógica frente a lo inexplicable, y la corrupción del alma. ¿Qué hay más peligroso: los espíritus atrapados en la casa... o los demonios que llevamos dentro? Una obra imprescindible para los amantes del terror inteligente, y un referente indiscutible del subgénero de casas encantadas. Si disfrutaste ¿Soy leyenda? o las obras de Stephen King, este clásico de 1971 te helará la sangre.','1971-01-01',0,1),(13,'Stephen King','Casa negra','HORROR','En las sombras de French Landing, un pequeño pueblo de Wisconsin, se alza Casas Negra, una mansión maldita que emana un aura de perversidad inimaginable. Esta secuela de El Talismán (también escrita por King y Straub) sigue a Jack Sawyer, exdetective retirado, quien creía haber dejado atrás los horrores de los Territorios, esa dimensión paralela que exploró en su juventud. Pero cuando una ola de asesinatos brutales sacude el pueblo —niños desaparecen y sus cuerpos aparecen mutilados—, Jack se ve arrastrado de vuelta a un mundo donde lo sobrenatural y lo criminal se fusionan. King y Straub tejen una historia densa y atmosférica, mezclando elementos de noir, mitología lovecraftiana y el sello característico de King: personajes ordinarios enfrentándose a fuerzas extraordinarias. La casa, con sus paredes que respiran y sus secretos ancestrales, funciona como un portal a un reino gobernado por el \"Carnicero\", un ente que alimenta su inmortalidad con el sufrimiento de los inocentes. Con una prosa envolvente y un ritmo que alterna entre la tensión silenciosa y explosiones de horror visceral, Casas Negra explora temas como el trauma, la redención y el precio de enfrentarse al mal absoluto. ¿Qué sacrificios está dispuesto a hacer Jack para proteger a los que ama? ¿Y hasta dónde puede llegar la oscuridad... antes de que la oscuridad te alcance? Recomendado para fans de las colaboraciones literarias, los universos expandidos y aquellos que buscan un terror que trasciende lo físico para ahondar en lo cósmico.','2001-01-01',0,1),(14,'Adam Nevill','Apartamento 16','HORROR','En el corazón de Londres, el lujoso edificio Barrington House esconde una oscuridad que desafía toda lógica. Apartment 16 sumerge al lector en una espiral de terror existencial donde las paredes susurran y las sombras cobran vida. Cuando la joven Apryl hereda un apartamento en el edificio, descubre que su tía murió en circunstancias escalofriantes y que el misterioso apartamento 16, siempre cerrado, parece ser el epicentro de sucesos macabros. Mientras tanto, Seth, el vigilante nocturno atrapado en sus propias pesadillas, empieza a ver entidades que lo arrastran hacia una locura violenta. Adam Nevill despliega una narrativa claustrofóbica y perturbadora, mezclando lo sobrenatural con el deterioro mental. Con una prosa visceral y escenas que se graban en la memoria, el autor explora el miedo a lo desconocido, la corrupción de la realidad y los horrores que acechan en los márgenes de la percepción. ¿Qué secretos guardan las paredes de Barrington House? ¿Y qué precio tendrán que pagar quienes se atrevan a buscarlos? Ideal para los devoradores de terror literario que disfrutan de atmósferas opresivas, mitos lovecraftianos y giros que dejan sin aliento. Una obra que consolida a Nevill como uno de los grandes nombres del horror contemporáneo.','2010-01-01',0,1),(15,'Christian Brancati','La casa de la muerte','HORROR','En las afueras de un pueblo abandonado de los Apeninos italianos, una mansión decrépita conocida como Villa Nera guarda secretos que el tiempo intentó borrar. Cuando un grupo de jóvenes documentalistas viaja para grabar un reportaje sobre leyendas locales, se topan con la historia de la familia Orsini, cuyos miembros murieron uno a uno en circunstancias grotescas hace un siglo. Lo que comienza como una investigación rutinaria se convierte en una pesadilla cuando descubren que la casa respira, y que algo —o alguien— los observa desde las paredes cubiertas de h Christian Brancati construye un relato claustrofóbico donde el folclore italiano se fusiona con el horror moderno. Con giros que desafían la cordura y escenas cargadas de simbolismo macabro, la novela explora temas como la culpa colectiva, los rituales paganos olvidados y el precio de desafiar a lo desconocido. ¿Qué hay más peligroso: los espíritus atormentados que habitan la casa... o las verdades que los vivos esconden? Ideal para los amantes del terror atmosférico, las casas malditas con historia y las narrativas que mezclan el pasado con el presente en un baile de terror.','2014-01-01',0,1),(16,'Michael McDowell','Los elementales','HORROR','En las costas aisladas de Beldame, Alabama, tres mansiones victorianas se alzan como testigos silenciosos de un pasado cargado de secretos. Dos están habitadas; la tercera, enterrada bajo la arena movediza, parece respirar. Así comienza esta obra de culto de Michael McDowell, donde el calor asfixiante del verano y las fuerzas ancestrales de la naturaleza se convierten en personajes tan vivos como la disfuncional familia Savage y los McCray, que se reúnen en este paraje remoto para escapar de sus propios demonios... sin saber que los verdaderos demonios ya los esperan. McDowell teje una historia hipnótica y perturbadora, donde la arena se arrastra con vida propia, las paredes susurran historias de locura, y una presencia primordial —los elementales— acecha en los límites entre lo humano y lo desconocido. Con una prosa rica en detalles góticos y un humor negro que alivia la tensión solo para romperla con escalofríos, el autor explora la decadencia familiar, el peso de la herencia y los horrores que yacen bajo la superficie de lo cotidiano. ¿Qué secretos guarda la casa devorada por la arena? ¿Y por qué los lugareños susurran que en Beldame \"nada muere del todo\"?','1981-01-01',0,1),(17,'C.J. Tudor','El hombre de tiza','HORROR','En 1986, un verano aparentemente idílico en un pequeño pueblo inglés se tiñe de horror cuando Eddie y sus amigos descubren un cuerpo desmembrado en el bosque. Treinta años después, los recuerdos de ese día resurgen cuando un misterioso mensaje con un dibujo de un hombre de tiza —el mismo código que usaban de niños para comunicarse— llega a manos de Eddie, ahora un profesor atrapado en una vida gris. ¿Es una advertencia? ¿Una confesión? ¿O alguien quiere desenterrar la verdad sobre lo que realmente sucedió aquel verano? C.J. Tudor construye un thriller adictivo que alterna entre el pasado y el presente, explorando cómo los secretos de la infancia pueden pudrirse y envenenar el futuro. Con una atmósfera cargada de nostalgia oscura y personajes marcados por la culpa, la autora teje una red de mentiras, traiciones y giros que desafían las expectativas. Los hombres de tiza, símbolos inocentes de la niñez, se convierten aquí en la clave de un misterio donde nada es lo que parece y todos guardan algo que esconder.','2018-01-01',0,1),(18,'Adam Nevill','La casa de las sombras','HORROR','En las montañas remotas de Noruega, una casa abandonada se alza como una cicatriz en el paisaje, sus ventanas rotas observando como ojos vacíos a quienes osan acercarse. La casa de las sombras sigue a Liv, una arquitecta especializada en restauración, que acepta un proyecto para renovar la ancestral Mansión Varde, ignorando las leyendas locales que hablan de una maldición vinculada a sus cimientos. Pero desde la primera noche, Liv escucha pasos en los pasillos desiertos, sombras que se arrastran por las paredes y voces que susurran en un idioma olvidado. Adam Nevill, maestro del horror atmosférico, despliega una narrativa que combina el folclore nórdico con un terror visceral y existencial. A medida que Liv descubre los diarios de la familia Varde —páginas llenas de rituales paganos y advertencias sobre \"aquellos que habitan bajo la casa\"—, la línea entre la cordura y la locura se desvanece. ¿Son las visiones producto del aislamiento y el estrés... o hay algo en la casa que se alimenta de sus miedos más profundos? Con una tensión que se eleva como una niebla espesa, Nevill explora temas como la herencia del mal, la arrogancia humana frente a lo ancestral y los horrores que yacen enterrados en la tierra. Las escenas de terror físico y psicológico se entrelazan con simbolismos oscuros, creando una experiencia literaria que atrapa y perturba en igual medida.','2023-01-01',1,0),(19,'Stephen King','El bazar de los malos sueños','HORROR','Stephen King, el maestro indiscutible del horror contemporáneo, abre las puertas a su Bazar de los Malos Sueños, una colección de relatos que oscilan entre lo macabro, lo conmovedor y lo profundamente inquietante. En este viaje literario, King reúne 20 cuentos y poemas —algunos inéditos, otros revisados— que exploran los rincones más oscuros de la psique humana, donde los deseos, los remordimientos y los miedos toman formas grotescas. Desde un hombre que descubre un letal portal en el desguace de coches de Mile 81, hasta un Kindle con acceso a universos paralelos en Ur, pasando por un escritor que enfrenta las consecuencias de sus palabras en El hombre que no quería flotar, cada historia es una joya tallada con la precisión de un narrador en la cima de su arte. King no solo asusta: reflexiona sobre la mortalidad, la culpa y las decisiones que nos definen, todo mientras teje trampas narrativas que dejan al lector sin aliento.','2015-01-01',1,0),(20,'William P. Blatty','El exorcista','HORROR','El exorcista es una de las obras más impactantes y aterradoras de la literatura moderna. Publicada en 1971, esta novela nos sumerge en una historia escalofriante que combina elementos de horror sobrenatural con profundas reflexiones sobre la fe, el bien y el mal. La trama sigue a Chris MacNeil, una actriz que vive en Georgetown, Washington D.C., cuya hija de doce años, Regan, comienza a mostrar comportamientos extraños y violentos. Después de que los médicos y científicos no logran encontrar una explicación racional, Chris recurre al padre Damien Karras, un sacerdote jesuita que lucha con sus propias dudas de fe, y al padre Lankester Merrin, un experimentado exorcista, para enfrentar lo que parece ser una posesión demoníaca.','1971-01-01',1,0),(21,'Rafael Santandreu','Sin Miedo','SELF_HELP','Es una obra de autoayuda escrita por el psicólogo Rafael Santandreu. En este libro, Santandreu aborda los miedos y las ansiedades que afectan nuestra vida diaria2. A través de ejemplos prácticos y reflexiones, el autor nos ofrece herramientas para comprender y superar estos miedos. Con un enfoque accesible y basado en la psicología cognitiva, Santandreu nos guía para liberarnos de las trampas emocionales y alcanzar una vida más equilibrada y plena.','2021-01-01',0,1),(22,'David del Rosario','El libro que tu cerebro no quiere leer','SELF_HELP','Es una obra de divulgación científica escrita por David del Rosario. En este libro, el autor utiliza la neurociencia para explicar cómo funciona nuestro cerebro y cómo podemos reeducarlo para ser más felices y vivir en plenitud. Del Rosario nos invita a comprender nuestros patrones mentales y a utilizar ese conocimiento para transformar nuestro miedo en confianza y alcanzar una vida más plena.','2019-01-01',1,4),(23,'Ferran Cases','El pequeño libro de la ansiedad','SELF_HELP','El pequeño libro de la ansiedad\" de Ferran Cases es una guía práctica y accesible para entender y superar la ansiedad. Cases, quien ha sufrido ansiedad personalmente, comparte sus experiencias y ofrece herramientas basadas en la neurociencia, el yoga y la meditación. El libro está estructurado en capítulos cortos y aplicables, cada uno con cuatro puntos clave para ayudar a los lectores a vencer la ansiedad paso a paso.','2020-01-01',1,0),(24,'Eckhart Tolle','El poder del ahora','SELF_HELP','Es una guía espiritual que invita a los lectores a descubrir la importancia del momento presente para alcanzar la paz interior y la iluminación. Tolle explica que gran parte del sufrimiento humano proviene de la identificación con la mente y el ego, que siempre están anclados en el pasado o proyectando hacia el futuro. A través de prácticas de atención plena y meditación, el autor sugiere que se puede trascender este estado y vivir en el \"ahora\".','1997-01-01',1,0),(25,'Dale Carneige','Como ganar amigos e influir sobre las personas','SELF_HELP','Cómo ganar amigos e influir sobre las personas\" de Dale Carnegie es un clásico de la literatura de autoayuda publicado por primera vez en 1936. Este libro ofrece técnicas prácticas y fundamentales para mejorar nuestras habilidades sociales y de comunicación. Algunos de los principios clave que presenta son: Mostrar interés genuino en los demás. Escuchar activamente. Elogiar sinceramente. Evitar críticas y argumentaciones.','1936-01-01',1,0),(26,'Luis rojas marcos','Estar bien aqui y ahora','SELF_HELP','Es un libro sobre inteligencia emocional que aborda cómo gestionar nuestras emociones de manera efectiva. Chetta nos enseña a reconocer y aceptar nuestras emociones, incluso las negativas, y cómo manejarlas sin herir a otros ni perder nuestra productividad1. El libro ofrece estrategias prácticas para mantener una \"higiene emocional\" y enfrentar situaciones difíciles con una actitud positiva y constructiva.','2022-01-01',1,0),(27,'Marie kondo','La magia del orden','SELF_HELP','Es un libro clásico de autoayuda escrito por Dale Carnegie. Publicado por primera vez en 1948, el libro ofrece técnicas prácticas y probadas para reducir el estrés y las preocupaciones cotidianas. Carnegie utiliza ejemplos reales y consejos prácticos para enseñar a los lectores a: Analizar las preocupaciones y tomar decisiones claras. Enfocarse en el presente y no en el pasado o el futuro. Aceptar lo inevitable y evitar que los problemas nos afecten negativamente. Cultivar una actitud positiva y encontrar placer en las pequeñas cosas de la vida.','2010-01-01',1,0),(28,'Susan Cain','El poder de los introvertidos en un mundo incapaz de callarse','SELF_HELP','El poder de los introvertidos en un mundo incapaz de callarse es un libro escrito por Susan Cain, publicado en 2012. En este libro, Cain explora la introversión y cómo la sociedad tiende a subestimar a las personas introvertidas, a pesar de sus valiosas contribuciones en creatividad, liderazgo e innovación2. Algunos puntos clave del libro incluyen: La diferencia entre introversión y extroversión: Cain explica cómo estas dos personalidades se manifiestan y cómo la sociedad favorece a los extrovertidos. El valor de la introversión: La autora argumenta que los introvertidos tienen habilidades únicas que son esenciales para la creatividad y el liderazgo.','2012-01-01',1,0),(29,'Gretchen Rubin','Objetivo Felicidad','SELF_HELP','Es un libro clásico de autoayuda escrito por Dale Carnegie. Publicado por primera vez en 1948, el libro ofrece técnicas prácticas y probadas para reducir el estrés y las preocupaciones cotidianas. Carnegie utiliza ejemplos reales y consejos prácticos para enseñar a los lectores a: Analizar las preocupaciones y tomar decisiones claras. Enfocarse en el presente y no en el pasado o el futuro. Aceptar lo inevitable y evitar que los problemas nos afecten negativamente. Cultivar una actitud positiva y encontrar placer en las pequeñas cosas de la vida.','2015-01-01',1,0),(30,'Miguel Ruiz','Los cuatro acuerdos','SELF_HELP','Sé impecable con tus palabras: Este acuerdo destaca la importancia de ser consciente y honesto con lo que decimos. Nuestras palabras tienen el poder de crear o destruir, por lo que debemos usarlas para el bien y evitar mentir, criticar o hablar negativamente. No te tomes nada personalmente: Lo que otros dicen y hacen es una proyección de su propia realidad, no la tuya. Al no tomar las cosas de manera personal, evitamos el sufrimiento innecesario y mantenemos la paz interior. No hagas suposiciones: Asumir lo que otros piensan o sienten a menudo conduce a malentendidos y conflictos. Es mejor preguntar y comunicar claramente para evitar suposiciones erróneas y fomentar relaciones saludables. Haz siempre tu máximo esfuerzo: Al dar lo mejor de ti en cualquier situación, sin importar las circunstancias, evitarás el autojuicio y el arrepentimiento. Este acuerdo te permite vivir con integridad y satisfacción.','1997-01-01',1,0),(31,'Ichiro Kishimi','Atrevete a no gustar','SELF_HELP','La importancia de la autoaceptación: El libro enfatiza la necesidad de aceptarse a uno mismo y no buscar la aprobación de los demás. El coraje de ser uno mismo: Se anima a los lectores a tener el valor de ser auténticos y vivir de acuerdo con sus propios valores y deseos. La responsabilidad personal: El libro destaca la importancia de asumir la responsabilidad de nuestras propias vidas y decisiones, en lugar de culpar a los demás o a las circunstancias. El poder de las relaciones interpersonales: Se explora cómo las relaciones saludables y genuinas pueden enriquecer nuestras vidas y contribuir a nuestro bienestar.','2018-01-01',1,0),(32,'Robin sharma','El monje que vendio su ferrari','SELF_HELP','La importancia del equilibrio: El libro resalta la importancia de encontrar un equilibrio entre el éxito profesional y la satisfacción personal. Julian descubre que su vida llena de éxitos materiales carecía de propósito y sentido. Las siete virtudes del Sistema de Sabiduría Sumi: A lo largo de su viaje, Julian aprende y aplica estas siete virtudes, que son: Dominar la mente: Controlar los pensamientos para alcanzar la claridad y la paz interior. Seguir el propósito: Definir y perseguir un propósito claro y significativo en la vida. Practicar el kaizen: Compromiso con el crecimiento y la mejora continua. Vivir con disciplina: Desarrollar fuerza de voluntad y autodisciplina. Respetar el tiempo: Administrar el tiempo de manera efectiva y priorizar lo que realmente importa. Servir desinteresadamente: Ayudar a los demás y practicar la compasión. Abrazar el presente: Vivir en el momento presente y disfrutar de la vida al máximo.','1996-01-01',1,0),(33,'Marian rojas Estape','Como hacer que te pasen cosas buenas','SELF_HELP','La importancia de los pensamientos: La doctora Rojas Estapé explica cómo nuestros pensamientos influyen en nuestras emociones y comportamiento, y cómo podemos entrenar nuestra mente para enfocarnos en lo positivo. El papel de las emociones: Se destaca la necesidad de comprender y gestionar nuestras emociones para lograr una vida equilibrada y satisfactoria. El impacto de las relaciones: El libro subraya la importancia de rodearnos de personas que nos apoyen y nos inspiren, y de construir relaciones saludables y enriquecedoras. La conexión entre mente y cuerpo: La autora aborda cómo el bienestar físico y mental están interconectados y ofrece consejos sobre cómo cuidar ambos aspectos. La gratitud y la actitud positiva: Se explora cómo practicar la gratitud y mantener una actitud positiva puede transformar nuestra percepción y experiencia de la vida.','2024-01-01',1,0),(34,'Dale carneige','Como suprimir las preocupaciones y disfrutar de la vida','SELF_HELP','Es un libro clásico de autoayuda escrito por Dale Carnegie. Publicado por primera vez en 1948, el libro ofrece técnicas prácticas y probadas para reducir el estrés y las preocupaciones cotidianas. Carnegie utiliza ejemplos reales y consejos prácticos para enseñar a los lectores a: Analizar las preocupaciones y tomar decisiones claras. Enfocarse en el presente y no en el pasado o el futuro. Aceptar lo inevitable y evitar que los problemas nos afecten negativamente. Cultivar una actitud positiva y encontrar placer en las pequeñas cosas de la vida.','1948-01-01',1,0),(35,'Armando Lucas Correa','La Hija Olvidada','NOVEL','La hija olvidada\" de Armando Lucas Correa es una conmovedora novela que sigue la vida de Elise Duval, una mujer francesa que llegó a Nueva York al finalizar la Segunda Guerra Mundial. A los ochenta años, Elise recibe la llamada de una mujer que la devuelve a un tiempo y un lugar que había abandonado en el olvido. Descubre que las cartas en alemán que una desconocida traía de Cuba fueron escritas por su madre durante la guerra.','2019-01-01',1,0),(36,'Margaret Mitchell','Lo que el viento se llevo','NOVEL','Georgia, 1861. En la elegante mansión sureña de Tara, vive Scarlett O\'Hara, la joven más bella, caprichosa y egoísta de la región. Ella suspira por el amor de Ashley, pero él está prometido con su prima, la dulce y bondadosa Melanie. En la última fiesta antes del estallido de la Guerra, Scarlett conoce al cínico y apuesto Rhett Butler, un vividor arrogante y aventurero, que no tiene ninguna intención de participar en la contienda. Lo único que él desea es hacerse rico y conquistar a Scarlett.','1936-01-01',1,0),(37,'Arthur Conan Doyle','Las aventuras de Sherlock Holmes','NOVEL','\"Las aventuras de Sherlock Holmes\" de Arthur Conan Doyle es una colección de doce relatos cortos que presentan algunos de los casos más famosos y emocionantes del célebre detective privado, Sherlock Holmes, y su leal amigo y compañero, el Dr. John H. Watson. Publicada por primera vez en 1892, la colección incluye historias que han dejado una marca indeleble en la literatura de detectives','1892-01-01',1,0),(38,'Jojo Moyes','Yo antes de ti','NOVEL','La vida de Louisa Clark, una chica alegre y alocada, que va empalmando un trabajo con otro para ayudar a su familia a subsistir, cambia por completo cuando comienza a trabajar como cuidadora de un joven millonario, quien quedó paralítico tras un accidente. Poco a poco, se va estableciendo entre ellos una conexión cada vez más íntima.','2012-01-01',1,0),(39,'Annie Lyons','El club de lectura del refugio antiaereo','NOVEL','\"El club de lectura del refugio antiaéreo\" de Annie Lyons es una conmovedora novela histórica ambientada durante la Segunda Guerra Mundial. La historia sigue a Gertie Bingham, una librera de Londres que, tras la muerte de su marido, está considerando cerrar su librería. Sin embargo, su vida cambia cuando acoge a Hedy Fischer, una adolescente judía alemana que ha huido de Berlín como parte de la operación Kindertransport.','2023-01-01',1,0),(40,'Fernanda Aburto','La sed oscura','NOVEL','En Vermont, Estados Unidos, Raziel huye de su pasado entre los estantes de una librería. Todo parece un poco tedioso hasta que, un día, una chica cruza el umbral: Delanay, con su largo cabello negro y ojos claros, es misteriosa y atrayente en partes iguales, y Raziel no puede evitar sentirse intrigado, tanto que, sin quererlo, se ve arrastrado a un mundo que hasta entonces pensó sólo existía en las páginas de un libro: el de la magia. Delanay es una bruja que ha decidido seguir un camino distinto al de su aquelarre. La sed oscura la llama? y ella está deseosa por responder, por completar el vínculo, por poseer los poderes con los que siempre ha soñado. Para lograrlo debe completar el ritual, y nada la detendrá: ni la suma sacerdotisa ni sus hermanas del aquelarre. Todos son prescindibles. De repente, un violento asesinato en Green Mountains desbalancea la aparente calma: un hombre ha aparecido muerto con una extraña marca en el pecho. Mientras su pareja, Adler, detective de la Policía de Bakersfield, lucha por vengar la muerte del amor de su vida, descubre una maraña de crímenes que lo llevará a lo más profundo de la maldad humana. Sin embargo, ¿cómo resolver el misterio cuando detrás hay fuerzas en juego que no puede siquiera comenzar a comprender?','2023-01-01',1,0),(41,'Luz Gabas','Lejos de Luisiana','NOVEL','Persiguieron sus sueños a orillas del Misisipi. Sus vidas fueron más grandes que el río\r\nDespués de años de colonización, la familia Girard acepta la controvertida decisión de su país, Francia, de ceder a España en 1763 parte de las indómitas tierras del Misisipi; sin embargo, sufrirá las consecuencias de las rebeliones de sus compatriotas contra los españoles, la guerra de norteamericanos contra ingleses por la independencia de los Estados Estados Unidos y la lucha desesperada de los nativos indios por la supervivencia de sus pueblos. En unos tiempos tan convulsos, Suzette Girard e Ishcate, indio de la tribu kaskia, librarán su propia batalla: preservar su amor de las amenazas del mundo que les ha tocado vivir. Todo ello conforma una novela cautivadora y monumental que atraviesa las cuatro décadas en las que España poseyó las legendarias tierras de Luisiana.','2022-01-01',1,0),(42,'Antonio Rojano','El libro de Toji','NOVEL','\"El libro de Toji\" es un viaje que comienza el día en que el autor —el propio Antonio Rojano— encuentra su nombre, por casualidad, ligado a la vida de un soldado de la Guerra Civil española. Una pieza de autoficción que se sumerge en los archivos en busca de la memoria y que, al mismo tiempo, supone un valioso tratado sobre el arte de la escritura, sobre los escollos que ha de sortear el creador en su camino. Un artefacto contra el silencio, que demuestra que la literatura, con sus —en apariencia— débiles armas, puede restituir la paz y la justicia a quienes la merecían.\r\n\r\nDesde una residencia para escritores en Corea del Sur llamada Toji (en español: tierra), hasta una prisión en Orduña, acompañamos la travesía de una identidad que se desdobla, que aparece y desaparece, como un fantasma. Un único deseo: atravesar la barrera que existe entre los vivos y los muertos, entre nosotros y nuestros desaparecidos.','2022-01-01',1,0),(43,'Marc Majewski','Mariposa','CHILDREN','El mayor encanto de esta historia radica en su protagonista, quien con mucha gracia y determinación se fabrica un ingenioso disfraz de mariposa. Cuando los otros niños estropean sus preciosas alas y antenas, es el padre quien reconforta, alienta y ayuda a volver a empezar.','2023-01-01',1,0),(44,'A.P. Hernandez','No quiero leer','CHILDREN','Martín acaba de terminar el colegio y ante él aguardan unas largas vacaciones de verano. Y es que Josefina, su maestra, le ha mandado un montón de cuadernillos y fichas para que repase.\r\n\r\nPero lo peor no son las sumas, ni las tablas de multiplicar, ni tan siquiera los copiados... ¡Josefina le ha mandado leer un libro! ¡Un libro sin dibujos, repleto de palabras! Martín, una mañana, en un heroico acto de valor, comienza a leer el libro. Y al hacerlo, cosas extraordinarias comienzan a sucederle...\r\n\r\nUn libro infantil recomendado para niños a partir de 6-7 años. La finalidad de este libro infantil es fomentar la imaginación en niñas y niños y despertar su curiosidad por la literatura, ayudándoles a descubrir que, entre las páginas de un libro, pueden encontrar aventuras y diversión. ¡No quiero leer! es un libro de primeros aprendizajes apto para ser leído en voz alta a los más pequeños. Así mismo también es útil para que niños y niñas se inicien como lectores.','2018-01-01',1,0),(45,'Fate La Nanna','Cuentos Infantiles','CHILDREN','Si estás aburrido de los típicos Cuentos que ya nos sabemos de memoria y buscas Historias que transmitan valores y enseñanzas a los más pequeños... ¡Este es el libro ideal para ti!\r\n\r\nEn esta actualizada colección de cuentos encontrarás MÁS de 50 historias totalmente nuevas que te transportarán a ti y a tus hijos a lugares fantásticos bajo el agua junto a encantadoras medusas, a las tierras prehistóricas con dinosaurios... Pasando de una historia de Robin Hood a Cenicienta, imaginando situaciones de la vida cotidiana en las que nuestros pequeños soñarán con ser astronautas o músicos.','2022-01-01',1,0),(46,'A.P. Hernandez','Detectives Secretos','CHILDREN','Pablo, Miguel, Alejandro y Carlos tienen solo 10 años, pero ya son auténticos detectives.\r\nHan resuelto un montón de misterios, aunque ninguno tan difícil y peligroso como la desaparición de su maestra.\r\n¿Conseguirán resolver este caso?','2020-01-01',1,0),(47,'A.P. Hernandez','Siete dalmatas y Lucas','CHILDREN','Este libro cuenta la historia de Lucas, un dálmata muy especial.\r\nDesde que nace, Lucas comprende que es diferente a todos sus hermanos, a sus padres y a todos los demás perros del mundo.\r\nSe puede decir, que Lucas es único en su especie.\r\nEsta es su historia.','2022-01-01',1,0),(48,'Andrés Zúñiga','Niko y Pascal: El pollo que queria volar','CHILDREN','El sueño de Niko el pollo es algún día poder volar por los cielos. Su amigo Pascal, el oso de anteojos, es un inventor que hará lo que sea para cumplir el deseo de Niko. Acompaña a nuestros animales favoritos en esta aventura y descubre el alocado invento que lanzará al plumífero pollo por los aires.','2019-01-01',1,0),(49,'Jirac Caro Thachar','Jerico y la puerta escondida','CHILDREN','¿Qué harías si descubrieras que no perteneces a este mundo?\r\n\r\nJericó siempre ha sentido que es diferente. Su apariencia única y espíritu curioso lo han convertido en blanco de burlas por parte de sus compañeros de clase. Pero en su interior, Jericó sabe que su destino está marcado por algo extraordinario y que el momento de confirmarlo ha llegado.\r\n\r\nDurante una noche de tormenta, una misteriosa voz llama a Jericó, desatando una aventura mágica e inolvidable. Con el apoyo de sus leales amigos, Esclopis y Lily, Jericó sigue una serie de pistas que lo llevan a un lugar olvidado y lleno de secretos. Allí, escondida entre escombros y sombras, encuentra una puerta que promete revelarle la verdad sobre sus orígenes.\r\n\r\n¿Qué misterios oculta esta puerta? ¿Será Jericó capaz de enfrentar los retos que le esperan? Solo aquellos valientes descubrirán las respuestas al unirse a Jericó en esta búsqueda cargada de magia, misterio y lecciones sobre la amistad, el valor y la fuerza interior.','2020-01-01',1,0);
/*!40000 ALTER TABLE `book` ENABLE KEYS */;
UNLOCK TABLES;

--
-- Table structure for table `loan`
--

DROP TABLE IF EXISTS `loan`;
/*!40101 SET @saved_cs_client     = @@character_set_client */;
/*!40101 SET character_set_client = utf8 */;
CREATE TABLE `loan` (
  `id` int(11) NOT NULL AUTO_INCREMENT,
  `loan_date` date NOT NULL,
  `devolution_date` date NOT NULL,
  `returned` tinyint(1) DEFAULT NULL,
  `fine` float DEFAULT NULL,
  `fine_paid` tinyint(1) DEFAULT NULL,
  `user_id` varchar(20) NOT NULL,
  `book_id` int(11) NOT NULL,
  PRIMARY KEY (`id`),
  KEY `user_id` (`user_id`),
  KEY `book_id` (`book_id`),
  CONSTRAINT `loan_ibfk_1` FOREIGN KEY (`user_id`) REFERENCES `user` (`id`),
  CONSTRAINT `loan_ibfk_2` FOREIGN KEY (`book_id`) REFERENCES `book` (`id`)
) ENGINE=InnoDB AUTO_INCREMENT=27 DEFAULT CHARSET=utf8mb4 COLLATE=utf8mb4_general_ci;
/*!40101 SET character_set_client = @saved_cs_client */;

--
-- Dumping data for table `loan`
--

LOCK TABLES `loan` WRITE;
/*!40000 ALTER TABLE `loan` DISABLE KEYS */;
INSERT INTO `loan` VALUES (1,'2025-02-11','2025-02-18',1,0,0,'0',1),(2,'2025-02-11','2025-02-18',1,0,0,'28394',2),(3,'2025-02-11','2025-02-18',1,0,0,'0',1),(4,'2025-02-11','2025-02-18',1,0,0,'0',1),(5,'2025-02-11','2025-02-18',0,0,0,'0',1),(6,'2025-02-11','2025-02-18',0,0,0,'0',21),(7,'2025-02-11','2025-02-18',0,0,0,'00',2),(8,'2025-02-11','2025-02-18',1,0,0,'00',3),(9,'2025-02-11','2025-02-18',0,0,0,'00',4),(10,'2025-02-11','2025-02-18',0,0,0,'00',5),(11,'2025-02-11','2025-02-18',0,0,0,'00',6),(12,'2025-02-11','2025-02-18',0,0,0,'00',7),(13,'2025-02-11','2025-02-18',0,0,0,'00',8),(14,'2025-02-11','2025-02-18',0,0,0,'00',9),(15,'2025-02-11','2025-02-18',0,0,0,'00',10),(16,'2025-02-11','2025-02-18',0,0,0,'00',11),(17,'2025-02-11','2025-02-18',0,0,0,'00',12),(18,'2025-02-11','2025-02-18',0,0,0,'00',13),(19,'2025-02-11','2025-02-18',0,0,0,'00',14),(20,'2025-02-11','2025-02-18',0,0,0,'00',15),(21,'2025-02-11','2025-02-18',0,0,0,'00',16),(22,'2025-02-11','2025-02-18',0,0,0,'00',17),(23,'2025-02-12','2025-02-19',1,0,0,'00',22),(24,'2025-02-12','2025-02-19',1,0,0,'00',22),(25,'2025-02-12','2025-02-19',1,0,0,'00',22),(26,'2025-02-12','2025-02-19',1,0,0,'00',22);
/*!40000 ALTER TABLE `loan` ENABLE KEYS */;
UNLOCK TABLES;

--
-- Table structure for table `user`
--

DROP TABLE IF EXISTS `user`;
/*!40101 SET @saved_cs_client     = @@character_set_client */;
/*!40101 SET character_set_client = utf8 */;
CREATE TABLE `user` (
  `id` varchar(20) NOT NULL,
  `name` varchar(50) NOT NULL,
  `password` varchar(100) NOT NULL,
  `admin` tinyint(1) DEFAULT NULL,
  PRIMARY KEY (`id`)
) ENGINE=InnoDB DEFAULT CHARSET=utf8mb4 COLLATE=utf8mb4_general_ci;
/*!40101 SET character_set_client = @saved_cs_client */;

--
-- Dumping data for table `user`
--

LOCK TABLES `user` WRITE;
/*!40000 ALTER TABLE `user` DISABLE KEYS */;
INSERT INTO `user` VALUES ('0','admin','$2b$12$SJYRBzWKqgw1cKsc.yPgi.j0PcHCtpEbQ36rNpJ1SbDRV580u2GJK',1),('00','Test','$2b$12$oTqD7ahK7JWcxcrG4X8/nutvHDykkbGKZnO0wbcKTKwZtrgafQa8u',1),('28394','Arturo','$2b$12$GmlqV8vkeMuiRb8tETOUfe0EFACwqmFjD2sORdDlspa1p0P10dyiS',0),('999999999','Test','$2b$12$lXgjuEVbHSZEM/aBe7d6F.nIsTMhu2zHYbeZUf7GKzJC.q/cgBmey',1);
/*!40000 ALTER TABLE `user` ENABLE KEYS */;
UNLOCK TABLES;
/*!40103 SET TIME_ZONE=@OLD_TIME_ZONE */;

/*!40101 SET SQL_MODE=@OLD_SQL_MODE */;
/*!40014 SET FOREIGN_KEY_CHECKS=@OLD_FOREIGN_KEY_CHECKS */;
/*!40014 SET UNIQUE_CHECKS=@OLD_UNIQUE_CHECKS */;
/*!40101 SET CHARACTER_SET_CLIENT=@OLD_CHARACTER_SET_CLIENT */;
/*!40101 SET CHARACTER_SET_RESULTS=@OLD_CHARACTER_SET_RESULTS */;
/*!40101 SET COLLATION_CONNECTION=@OLD_COLLATION_CONNECTION */;
/*!40111 SET SQL_NOTES=@OLD_SQL_NOTES */;

-- Dump completed on 2025-02-12 14:31:34
